{
  "title": "Learning Efficiency by Proficiency Level and Algorithm",
  "proficiencyLevels": [
    "A1",
    "A2",
    "B1",
    "B2",
    "C1",
    "C2"
  ],
  "algorithms": [
    "DART (Ours)",
    "CARTS (Ours)",
    "SuperMemo-2",
    "Half-Life Regression",
    "KARL",
    "LECTOR"
  ],
  "meanScores": [
    [
      0.73,
      0.78,
      0.83,
      0.88,
      0.9299999999999999,
      0.98
    ],
    [
      0.77,
      0.8200000000000001,
      0.87,
      0.92,
      0.97,
      1.02
    ],
    [
      0.65,
      0.7000000000000001,
      0.75,
      0.8,
      0.8500000000000001,
      0.9
    ],
    [
      0.67,
      0.7200000000000001,
      0.77,
      0.8200000000000001,
      0.8700000000000001,
      0.92
    ],
    [
      0.6900000000000001,
      0.7400000000000001,
      0.79,
      0.8400000000000001,
      0.8900000000000001,
      0.9400000000000001
    ],
    [
      0.71,
      0.76,
      0.8099999999999999,
      0.86,
      0.9099999999999999,
      0.96
    ]
  ],
  "standardErrors": [
    [
      0.025642146442688633,
      0.0272346499466765,
      0.028671394534059397,
      0.02155802638814331,
      0.022951137654355948,
      0.025561936954268137
    ],
    [
      0.02342032023882306,
      0.02623688611332444,
      0.026509737290966007,
      0.02040013694761815,
      0.028865093357934513,
      0.021737789831543293
    ],
    [
      0.020155942204639656,
      0.024583262628110943,
      0.02183566373000153,
      0.023682999638298258,
      0.029749260587307584,
      0.0295297018632414
    ],
    [
      0.029582642313067942,
      0.02424494792733902,
      0.022255022079947548,
      0.025916993331202502,
      0.028694179581096036,
      0.024226015982059007
    ],
    [
      0.022401321603768377,
      0.029473422336522982,
      0.021509047641259136,
      0.0216718935915598,
      0.022864331329455083,
      0.023886592392233914
    ],
    [
      0.025812335903304912,
      0.02379265736154378,
      0.02134477358168333,
      0.02800940341521426,
      0.023688478102190963,
      0.02962842153898642
    ]
  ],
  "colors": [
    "#9467bd",
    "#e377c2",
    "#1f77b4",
    "#ff7f0e",
    "#2ca02c",
    "#d62728"
  ]
}