{
  "title": "Context Transfer Score Progression Over 8 Weeks",
  "weeks": [
    1,
    2,
    3,
    4,
    5,
    6,
    7,
    8
  ],
  "algorithms": [
    "DART (Ours)",
    "CARTS (Ours)",
    "SuperMemo-2",
    "Half-Life Regression",
    "KARL",
    "LECTOR"
  ],
  "contextTransferScores": [
    [
      0.58,
      0.62,
      0.6599999999999999,
      0.7,
      0.74,
      0.7799999999999999,
      0.82,
      0.86
    ],
    [
      0.62,
      0.66,
      0.7,
      0.74,
      0.78,
      0.82,
      0.86,
      0.9
    ],
    [
      0.5,
      0.54,
      0.58,
      0.62,
      0.66,
      0.7,
      0.74,
      0.78
    ],
    [
      0.52,
      0.56,
      0.6,
      0.64,
      0.68,
      0.72,
      0.76,
      0.8
    ],
    [
      0.54,
      0.5800000000000001,
      0.62,
      0.66,
      0.7000000000000001,
      0.74,
      0.78,
      0.8200000000000001
    ],
    [
      0.56,
      0.6000000000000001,
      0.6399999999999999,
      0.6799999999999999,
      0.72,
      0.76,
      0.8,
      0.8400000000000001
    ]
  ],
  "confidenceIntervals": [
    [
      [
        0.5212,
        0.6387999999999999
      ],
      [
        0.5612,
        0.6788
      ],
      [
        0.6012,
        0.7187999999999999
      ],
      [
        0.6412,
        0.7587999999999999
      ],
      [
        0.6812,
        0.7988
      ],
      [
        0.7212,
        0.8387999999999999
      ],
      [
        0.7612,
        0.8787999999999999
      ],
      [
        0.8012,
        0.9188
      ]
    ],
    [
      [
        0.5612,
        0.6788
      ],
      [
        0.6012000000000001,
        0.7188
      ],
      [
        0.6412,
        0.7587999999999999
      ],
      [
        0.6812,
        0.7988
      ],
      [
        0.7212000000000001,
        0.8388
      ],
      [
        0.7612,
        0.8787999999999999
      ],
      [
        0.8012,
        0.9188
      ],
      [
        0.8412000000000001,
        0.9588
      ]
    ],
    [
      [
        0.4412,
        0.5588
      ],
      [
        0.4812,
        0.5988
      ],
      [
        0.5212,
        0.6387999999999999
      ],
      [
        0.5612,
        0.6788
      ],
      [
        0.6012000000000001,
        0.7188
      ],
      [
        0.6412,
        0.7587999999999999
      ],
      [
        0.6812,
        0.7988
      ],
      [
        0.7212000000000001,
        0.8388
      ]
    ],
    [
      [
        0.4612,
        0.5788
      ],
      [
        0.5012000000000001,
        0.6188
      ],
      [
        0.5412,
        0.6587999999999999
      ],
      [
        0.5812,
        0.6988
      ],
      [
        0.6212000000000001,
        0.7388
      ],
      [
        0.6612,
        0.7787999999999999
      ],
      [
        0.7012,
        0.8188
      ],
      [
        0.7412000000000001,
        0.8588
      ]
    ],
    [
      [
        0.4812,
        0.5988
      ],
      [
        0.5212000000000001,
        0.6388
      ],
      [
        0.5612,
        0.6788
      ],
      [
        0.6012000000000001,
        0.7188
      ],
      [
        0.6412000000000001,
        0.7588
      ],
      [
        0.6812,
        0.7988
      ],
      [
        0.7212000000000001,
        0.8388
      ],
      [
        0.7612000000000001,
        0.8788
      ]
    ],
    [
      [
        0.5012000000000001,
        0.6188
      ],
      [
        0.5412000000000001,
        0.6588
      ],
      [
        0.5811999999999999,
        0.6987999999999999
      ],
      [
        0.6212,
        0.7387999999999999
      ],
      [
        0.6612,
        0.7787999999999999
      ],
      [
        0.7012,
        0.8188
      ],
      [
        0.7412000000000001,
        0.8588
      ],
      [
        0.7812000000000001,
        0.8988
      ]
    ]
  ],
  "colors": [
    "#9467bd",
    "#e377c2",
    "#1f77b4",
    "#ff7f0e",
    "#2ca02c",
    "#d62728"
  ]
}