{
  "title": "Pairwise Comparison Matrix",
  "algorithms": [
    "DART",
    "CARTS",
    "SuperMemo-2",
    "Half-Life Regression",
    "KARL",
    "LECTOR"
  ],
  "pValues": [
    [
      1,
      0.01,
      0.001,
      0.001,
      0.001,
      0.1
    ],
    [
      0.01,
      1,
      0.001,
      0.001,
      0.001,
      0.001
    ],
    [
      0.001,
      0.001,
      1,
      0.05,
      0.001,
      0.001
    ],
    [
      0.001,
      0.001,
      0.05,
      1,
      0.2,
      0.05
    ],
    [
      0.001,
      0.001,
      0.001,
      0.2,
      1,
      0.2
    ],
    [
      0.1,
      0.001,
      0.001,
      0.05,
      0.2,
      1
    ]
  ],
  "adjustedPValues": [
    [
      1,
      0.15,
      0.015,
      0.015,
      0.015,
      1
    ],
    [
      0.15,
      1,
      0.015,
      0.015,
      0.015,
      0.015
    ],
    [
      0.015,
      0.015,
      1,
      0.75,
      0.015,
      0.015
    ],
    [
      0.015,
      0.015,
      0.75,
      1,
      1,
      0.75
    ],
    [
      0.015,
      0.015,
      0.015,
      1,
      1,
      1
    ],
    [
      1,
      0.015,
      0.015,
      0.75,
      1,
      1
    ]
  ],
  "effectSizes": [
    [
      0,
      -0.23934444260792456,
      0.5504787341266918,
      0.37454335722556176,
      0.26679319574235627,
      0.16183163159034583
    ],
    [
      0.23934444260792456,
      0,
      0.7996377860641395,
      0.6222521137931927,
      0.5136136959453359,
      0.4054036263825096
    ],
    [
      -0.5504787341266918,
      -0.7996377860641395,
      0,
      -0.17965531466278267,
      -0.2895365592711203,
      -0.3915842660410039
    ],
    [
      -0.37454335722556176,
      -0.6222521137931927,
      0.17965531466278267,
      0,
      -0.10992587742536002,
      -0.2136223923084748
    ],
    [
      -0.26679319574235627,
      -0.5136136959453359,
      0.2895365592711203,
      0.10992587742536002,
      0,
      -0.10469119770857468
    ],
    [
      -0.16183163159034583,
      -0.4054036263825096,
      0.3915842660410039,
      0.2136223923084748,
      0.10469119770857468,
      0
    ]
  ],
  "significance": [
    [
      "—",
      "ns",
      "*",
      "*",
      "*",
      "ns"
    ],
    [
      "ns",
      "—",
      "*",
      "*",
      "*",
      "*"
    ],
    [
      "*",
      "*",
      "—",
      "ns",
      "*",
      "*"
    ],
    [
      "*",
      "*",
      "ns",
      "—",
      "ns",
      "ns"
    ],
    [
      "*",
      "*",
      "*",
      "ns",
      "—",
      "ns"
    ],
    [
      "ns",
      "*",
      "*",
      "ns",
      "ns",
      "—"
    ]
  ],
  "caption": "Pairwise comparisons between algorithms. Upper triangle: Cohen's d effect sizes. Lower triangle: Bonferroni-corrected p-values. Significance: *** p < 0.001, ** p < 0.01, * p < 0.05, ns = not significant."
}